ticker,date,open,close,high,low,volume,ex-dividend,split_ratio,adj_open,adj_high,adj_low,adj_close,adj_volume
COF,2017-01-03,88.55,88.87,89.6,87.79,3441067,,,,,,,
COF,2017-01-04,89.13,90.3,90.77,89.13,2630905,,,,,,,
COF,2017-01-05,89.84,88.38,89.9299,87.6,2223944,,,,,,,
COF,2017-01-06,88.77,88.6,89.18,88.0901,1796424,,,,,,,
COF,2017-01-09,88.22,87.44,88.4,87.4,2122775,,,,,,,
COF,2017-01-10,87.81,88.98,89.37,87.44,3141198,,,,,,,
COF,2017-01-11,88.99,89.14,89.25,88.01,1885055,,,,,,,
COF,2017-01-12,88.72,87.89,88.85,86.78,2064889,,,,,,,
COF,2017-01-13,88.42,88.85,89.74,88.42,2327814,,,,,,,
COF,2017-01-17,88.2,86.37,88.2,86.05,2192345,,,,,,,
COF,2017-01-18,86.94,87.28,87.32,85.77,1706358,,,,,,,
COF,2017-01-19,87.37,86.72,87.59,86.34,1696719,,,,,,,
COF,2017-01-20,86.72,87.34,88,86.69,1684548,,,,,,,
COF,2017-01-23,87.05,86.87,87.78,86.51,2821009,,,,,,,
COF,2017-01-24,87.52,88.73,89.14,86.99,2711779,,,,,,,
COF,2017-01-25,87.83,88.38,88.83,87.12,5304078,,,,,,,
COF,2017-01-26,88.5,89.71,89.72,87.82,3004744,,,,,,,
COF,2017-01-27,89.96,89.15,90,88.93,2195161,,,,,,,
COF,2017-01-30,89.15,88.81,89.15,87.38,3550371,,,,,,,
COF,2017-01-31,88.28,87.39,88.66,86.68,2880402,,,,,,,
COF,2017-02-01,88.1,87.51,88.95,87.23,2262668,,,,,,,
COF,2017-02-02,86.74,86.34,87,85.84,2147656,,,,,,,
COF,2017-02-03,87.94,87.92,88.08,86.66,2891218,,,,,,,
COF,2017-02-06,87.35,87.62,88.4,87.18,1430592,,,,,,,
COF,2017-02-07,88.1,88.11,88.42,87.2,3514042,,,,,,,
COF,2017-02-08,87.6,87.54,87.91,87.05,2052559,,,,,,,
COF,2017-02-09,87.56,88.54,88.7,87.11,1809247,,,,,,,
COF,2017-02-10,88.89,88.4,88.89,88.09,1617333,,,,,,,
COF,2017-02-13,88.77,89.03,89.58,88.71,1791275,,,,,,,
COF,2017-02-14,89.01,90.18,90.505,88.7,2148217,,,,,,,
COF,2017-02-15,90.49,90.93,91.36,89.605,2297708,,,,,,,
COF,2017-02-16,90.98,90.51,91.25,89.82,1801044,,,,,,,
COF,2017-02-17,90.34,91.81,92.04,90.08,4044661,,,,,,,
COF,2017-02-21,91.7,92.85,93.57,91.61,3825225,,,,,,,
COF,2017-02-22,92.42,92.89,93.239,92.09,1821376,,,,,,,
COF,2017-02-23,93.25,93.41,93.52,92.89,2142975,,,,,,,
COF,2017-02-24,92.53,92.61,92.8,91.77,2252140,,,,,,,
COF,2017-02-27,92.39,93.66,93.72,92.06,1730363,,,,,,,
COF,2017-02-28,93.04,93.86,93.9301,92.99,3122357,,,,,,,
COF,2017-03-01,95,96.12,96.92,94.81,3387946,,,,,,,
COF,2017-03-02,96.21,94.33,96.325,94.28,1625881,,,,,,,
COF,2017-03-03,94.19,93.94,94.64,93.33,2541665,,,,,,,
COF,2017-03-06,93.5,93,93.68,92.85,1936761,,,,,,,
COF,2017-03-07,93.07,92.82,93.34,92.485,1641333,,,,,,,
COF,2017-03-08,94.02,92.4,94.43,92.28,2028560,,,,,,,
COF,2017-03-09,92.77,92.11,93.35,91.85,1653535,,,,,,,
COF,2017-03-10,92.82,92.19,93,91.57,1644275,,,,,,,
COF,2017-03-13,92.2,91.79,92.41,91.65,1830233,,,,,,,
COF,2017-03-14,91.36,91.75,91.78,90.78,1730819,,,,,,,
COF,2017-03-15,91.01,89.92,91.96,89.13,3178963,,,,,,,
COF,2017-03-16,90.38,90.21,91.09,89.96,1781858,,,,,,,
COF,2017-03-17,90.43,88.23,90.7,88.01,3388267,,,,,,,
COF,2017-03-20,88.11,86.78,88.23,86.58,2801965,,,,,,,
COF,2017-03-21,87.1,83.65,87.1,83.34,4559025,,,,,,,
COF,2017-03-22,83.08,83.68,84.44,82.15,3133651,,,,,,,
COF,2017-03-23,83.6,83.78,85.06,83.23,2671234,,,,,,,
COF,2017-03-24,83.99,83.8,84.5214,83.18,1966056,,,,,,,
COF,2017-03-27,81.93,82.13,82.87,81.32,4282097,,,,,,,
COF,2017-03-28,82.01,84.17,84.63,81.9,3784720,,,,,,,
COF,2017-03-29,84.89,84.68,85.19,84.03,2488421,,,,,,,
COF,2017-03-30,84.82,87.14,87.26,84.52,4081656,,,,,,,
COF,2017-03-31,86.67,86.66,87.24,86.28,2661912,,,,,,,
COF,2017-04-03,86.88,85.8,86.91,84.67,3158771,,,,,,,
COF,2017-04-04,85.38,85.26,85.9,85.12,1840284,,,,,,,
COF,2017-04-05,86.58,84.13,86.62,83.98,2483680,,,,,,,
COF,2017-04-06,83.93,84.23,84.75,82.55,4378949,,,,,,,
COF,2017-04-07,83.25,83.54,84.33,82.79,2767335,,,,,,,
COF,2017-04-10,83.55,82.77,83.82,82.53,2463343,,,,,,,
COF,2017-04-11,82.4,83.09,83.11,81.62,2351190,,,,,,,
COF,2017-04-12,82.64,82.42,83.17,82.03,2317110,,,,,,,
COF,2017-04-13,82.05,81.02,82.96,80.9,3400095,,,,,,,
COF,2017-04-17,80.58,83,83.03,80.05,3759420,,,,,,,
COF,2017-04-18,82.55,81.9,83.22,81.16,3119402,,,,,,,
COF,2017-04-19,82.43,81.91,82.92,81.58,2157822,,,,,,,
COF,2017-04-20,82.33,83.72,84.05,82.33,2945338,,,,,,,
COF,2017-04-21,83.64,82.67,83.96,82.65,2524853,,,,,,,
COF,2017-04-24,84.63,84.68,85.05,84.14,2897655,,,,,,,
COF,2017-04-25,85.37,85.58,86.03,85.22,3080861,,,,,,,
COF,2017-04-26,82,83.06,84.26,81.99,7386158,,,,,,,
COF,2017-04-27,83.19,82.31,83.62,82.26,3604560,,,,,,,
COF,2017-04-28,81.43,80.38,82.17,79.91,6133211,,,,,,,
COF,2017-05-01,81.17,81.57,81.99,80.76,3543401,,,,,,,
COF,2017-05-02,81.58,82.46,82.47,80.97,3020580,,,,,,,
COF,2017-05-03,82.08,82.49,82.82,81.78,2451444,,,,,,,
COF,2017-05-04,83.02,82.49,83.21,82.17,3154418,,,,,,,
COF,2017-05-05,82.88,82.27,82.99,82,2269861,,,,,,,
COF,2017-05-08,82.34,82.12,82.41,81.84,1717675,,,,,,,
COF,2017-05-09,82.2,82.32,82.81,81.82,1832887,,,,,,,
COF,2017-05-10,82.02,81.67,82.44,81.53,2805572,,,,,,,
COF,2017-05-11,80.99,80.16,81.28,79.66,3741154,,,,,,,
COF,2017-05-12,79.83,79.4,80.36,78.69,3931119,,,,,,,
COF,2017-05-15,80.01,81.15,81.55,80.01,2479813,,,,,,,
COF,2017-05-16,81.31,80.69,81.42,80.56,1984035,,,,,,,
COF,2017-05-17,78.84,78.47,79.84,78.17,3145845,,,,,,,
COF,2017-05-18,78.46,79.27,80.14,78.34,4884650,,,,,,,
COF,2017-05-19,79.57,80.27,81.1,79.25,2781860,,,,,,,
COF,2017-05-22,80.73,79.63,80.93,79.28,2399851,,,,,,,
COF,2017-05-23,79.69,80.34,80.68,79.11,1995112,,,,,,,
COF,2017-05-24,80.35,79.92,80.35,79.75,1582276,,,,,,,
COF,2017-05-25,79.9,79.51,80.51,79.18,2117081,,,,,,,
COF,2017-05-26,79.5,79.79,80.11,79.08,2359637,,,,,,,
COF,2017-05-30,79.4,78.28,79.59,78.23,2351073,,,,,,,
COF,2017-05-31,78.39,76.92,78.39,76.05,4205013,,,,,,,
COF,2017-06-01,77.46,77.92,77.97,76.81,3295232,,,,,,,
COF,2017-06-02,77.42,78.04,78.34,76.91,2527770,,,,,,,
COF,2017-06-05,78.05,78.33,78.83,77.775,2017310,,,,,,,
COF,2017-06-06,77.77,78.27,78.43,77.1,2504527,,,,,,,
COF,2017-06-07,78.52,78.9,79.52,78.21,2442435,,,,,,,
COF,2017-06-08,78.92,79.42,80.16,78.79,2306510,,,,,,,
COF,2017-06-09,80.07,80.07,80.42,79.31,3476989,,,,,,,
COF,2017-06-12,80.15,80.17,80.96,79.61,2622110,,,,,,,
COF,2017-06-13,80.5,80.57,80.92,79.85,2690727,,,,,,,
COF,2017-06-14,79.46,80.09,80.2,78.46,2858385,,,,,,,
COF,2017-06-15,79.61,81.35,81.55,79.49,3854218,,,,,,,
COF,2017-06-16,81.46,81.31,81.65,80.93,3255538,,,,,,,
COF,2017-06-19,81.73,81.73,81.95,81.29,3225890,,,,,,,
COF,2017-06-20,81.63,81.22,81.75,81.09,2682345,,,,,,,
COF,2017-06-21,81.3,80.88,81.3,80.69,2575285,,,,,,,
COF,2017-06-22,80.73,80.39,80.83,80.07,2240116,,,,,,,
COF,2017-06-23,80.75,79.52,80.78,79.37,2771905,,,,,,,
COF,2017-06-26,79.89,80.59,80.84,79.62,2149023,,,,,,,
COF,2017-06-27,80.85,81.38,82.24,80.76,2045511,,,,,,,
COF,2017-06-28,82.12,82.98,83.52,82.053,3773097,,,,,,,
COF,2017-06-29,81.75,81.47,83,80.47,6009615,,,,,,,
COF,2017-06-30,82.02,82.62,83.18,81.59,2911991,,,,,,,
GOOGL,2017-01-03,800.62,808.01,811.435,796.89,1959033,,,,,,,
GOOGL,2017-01-04,809.89,807.77,813.43,804.11,1515339,,,,,,,
GOOGL,2017-01-05,807.5,813.02,813.74,805.92,1340535,,,,,,,
GOOGL,2017-01-06,814.99,825.21,828.96,811.5,2017097,,,,,,,
GOOGL,2017-01-09,826.37,827.18,830.43,821.62,1408924,,,,,,,
GOOGL,2017-01-10,827.07,826.01,829.41,823.14,1197442,,,,,,,
GOOGL,2017-01-11,826.62,829.86,829.9,821.47,1325394,,,,,,,
GOOGL,2017-01-12,828.38,829.53,830.38,821.01,1350308,,,,,,,
GOOGL,2017-01-13,831,830.94,834.65,829.52,1290182,,,,,,,
GOOGL,2017-01-17,830,827.46,830.18,823.2001,1440905,,,,,,,
GOOGL,2017-01-18,829.8,829.02,829.81,824.08,1027698,,,,,,,
GOOGL,2017-01-19,829,824.37,832.9999,823.96,1070454,,,,,,,
GOOGL,2017-01-20,829.09,828.17,829.24,824.6,1306183,,,,,,,
GOOGL,2017-01-23,831.61,844.43,845.5428,828.7,2457377,,,,,,,
GOOGL,2017-01-24,846.98,849.53,851.52,842.28,1688375,,,,,,,
GOOGL,2017-01-25,853.55,858.45,858.7936,849.74,1662148,,,,,,,
GOOGL,2017-01-26,859.05,856.98,861,850.5201,3493251,,,,,,,
GOOGL,2017-01-27,859,845.03,867,841.9,3752497,,,,,,,
GOOGL,2017-01-30,837.06,823.83,837.23,821.03,3516933,,,,,,,
GOOGL,2017-01-31,819.5,820.19,823.07,813.4,2020180,,,,,,,
GOOGL,2017-02-01,824,815.24,824,812.25,2251047,,,,,,,
GOOGL,2017-02-02,815,818.26,824.56,812.051,1689179,,,,,,,
GOOGL,2017-02-03,823.13,820.13,826.13,819.35,1528095,,,,,,,
GOOGL,2017-02-06,820.92,821.62,822.39,814.29,1350875,,,,,,,
GOOGL,2017-02-07,825.5,829.23,831.92,823.2926,1666605,,,,,,,
GOOGL,2017-02-08,830.53,829.88,834.25,825.11,1302225,,,,,,,
GOOGL,2017-02-09,831.73,830.06,831.98,826.5,1194238,,,,,,,
GOOGL,2017-02-10,832.95,834.85,837.15,830.51,1415128,,,,,,,
GOOGL,2017-02-13,837.7,838.96,841.735,836.246,1295708,,,,,,,
GOOGL,2017-02-14,839.77,840.03,842,835.83,1363345,,,,,,,
GOOGL,2017-02-15,838.81,837.32,841.7725,836.22,1357185,,,,,,,
GOOGL,2017-02-16,838.5,842.17,842.69,837.26,1005084,,,,,,,
GOOGL,2017-02-17,841.31,846.55,846.94,839.78,1461210,,,,,,,
GOOGL,2017-02-21,847.99,849.27,852.2,846.55,1261062,,,,,,,
GOOGL,2017-02-22,848,851.36,853.79,846.7101,1224889,,,,,,,
GOOGL,2017-02-23,851.08,851,852.62,842.5,1386681,,,,,,,
GOOGL,2017-02-24,847.65,847.81,848.36,842.9601,1346189,,,,,,,
GOOGL,2017-02-27,844.95,849.67,850.67,843.01,1010333,,,,,,,
GOOGL,2017-02-28,847.35,844.93,848.83,841.4422,1383119,,,,,,,
GOOGL,2017-03-01,851.38,856.75,858,849.02,1818671,,,,,,,
GOOGL,2017-03-02,856.31,849.85,856.49,848.72,1250938,,,,,,,
GOOGL,2017-03-03,848.94,849.08,850.82,844.705,1006612,,,,,,,
GOOGL,2017-03-06,846.86,847.27,848.94,841.17,1047872,,,,,,,
GOOGL,2017-03-07,847.26,851.15,853.33,845.52,1038696,,,,,,,
GOOGL,2017-03-08,853.12,853.64,856.93,851.25,1029834,,,,,,,
GOOGL,2017-03-09,853.69,857.84,860.71,852.67,1347697,,,,,,,
GOOGL,2017-03-10,862.7,861.405,864.229,857.61,1336585,,,,,,,
GOOGL,2017-03-13,860.83,864.58,867.13,860.82,1166605,,,,,,,
GOOGL,2017-03-14,863.75,865.91,867.58,860.13,1061692,,,,,,,
GOOGL,2017-03-15,867.94,868.39,869.88,861.295,1332885,,,,,,,
GOOGL,2017-03-16,870.53,870,872.71,867.52,1104452,,,,,,,
GOOGL,2017-03-17,873.68,872.37,874.42,868.37,1868252,,,,,,,
GOOGL,2017-03-20,869.48,867.91,870.34,864.665,1542199,,,,,,,
GOOGL,2017-03-21,870.06,850.14,873.47,847.687,2537978,,,,,,,
GOOGL,2017-03-22,849.48,849.8,855.35,847,1366749,,,,,,,
GOOGL,2017-03-23,841.39,839.65,841.69,833,3287669,,,,,,,
GOOGL,2017-03-24,842,835.14,844,829.1,2105682,,,,,,,
GOOGL,2017-03-27,828.09,838.51,841.38,824.3,1935211,,,,,,,
GOOGL,2017-03-28,839.69,840.63,845.4,832.265,1519202,,,,,,,
GOOGL,2017-03-29,842.75,849.87,851.585,841.38,1457347,,,,,,,
GOOGL,2017-03-30,851.98,849.48,852,846.77,949398,,,,,,,
GOOGL,2017-03-31,846.83,847.8,849.56,845.2445,1440982,,,,,,,
GOOGL,2017-04-03,848.75,856.75,859,847.5298,1969402,,,,,,,
GOOGL,2017-04-04,848,852.57,853,847.505,1348494,,,,,,,
GOOGL,2017-04-05,854.71,848.91,860.59,847.52,1855153,,,,,,,
GOOGL,2017-04-06,849.5,845.095,853.59,844,1533564,,,,,,,
GOOGL,2017-04-07,845,842.1,845.88,837.3,1110404,,,,,,,
GOOGL,2017-04-10,841.54,841.7,846.7372,840.79,1046215,,,,,,,
GOOGL,2017-04-11,841.7,839.88,844.63,834.6,974343,,,,,,,
GOOGL,2017-04-12,838.46,841.46,843.72,837.59,1135775,,,,,,,
GOOGL,2017-04-13,841.04,840.18,843.73,837.8503,1073650,,,,,,,
GOOGL,2017-04-17,841.38,855.13,855.64,841.03,1049125,,,,,,,
GOOGL,2017-04-18,852.54,853.99,857.39,851.25,936201,,,,,,,
GOOGL,2017-04-19,857.385,856.51,860.2,853.5275,1080336,,,,,,,
GOOGL,2017-04-20,859.74,860.08,863.93,857.5,1188843,,,,,,,
GOOGL,2017-04-21,860.62,858.95,862.44,857.73,1172870,,,,,,,
GOOGL,2017-04-24,868.44,878.93,879.96,866.11,1691896,,,,,,,
GOOGL,2017-04-25,882.26,888.84,892.25,879.2801,2020460,,,,,,,
GOOGL,2017-04-26,891.39,889.14,892.99,885.15,1302032,,,,,,,
GOOGL,2017-04-27,890,891.44,893.3774,887.18,1817740,,,,,,,
GOOGL,2017-04-28,929,924.52,935.9,923.22,3753169,,,,,,,
GOOGL,2017-05-01,924.15,932.82,935.82,920.8,2294856,,,,,,,
GOOGL,2017-05-02,933.27,937.09,942.985,931,1745453,,,,,,,
GOOGL,2017-05-03,936.05,948.45,950.2,935.21,1792847,,,,,,,
GOOGL,2017-05-04,950.29,954.72,959.14,947.37,1934652,,,,,,,
GOOGL,2017-05-05,956.72,950.28,958.4395,948.0986,1593898,,,,,,,
GOOGL,2017-05-08,947.45,958.69,960.99,947.395,1863198,,,,,,,
GOOGL,2017-05-09,961.33,956.71,962.2,954.4,1633396,,,,,,,
GOOGL,2017-05-10,956.22,954.84,956.71,949.84,1135809,,,,,,,
GOOGL,2017-05-11,951.29,955.89,957.99,948.61,1016797,,,,,,,
GOOGL,2017-05-12,957.85,955.14,957.98,952.06,1204133,,,,,,,
GOOGL,2017-05-15,955.29,959.22,962.7,952.82,1314574,,,,,,,
GOOGL,2017-05-16,963.55,964.61,965.8955,960.35,1069898,,,,,,,
GOOGL,2017-05-17,959.7,942.17,960.99,940.06,2414323,,,,,,,
GOOGL,2017-05-18,943.2,950.5,954.18,941.27,1758452,,,,,,,
GOOGL,2017-05-19,952.82,954.65,959.56,952,1327354,,,,,,,
GOOGL,2017-05-22,957,964.07,964.82,956.56,1305246,,,,,,,
GOOGL,2017-05-23,969.96,970.55,974.51,964.5,1529617,,,,,,,
GOOGL,2017-05-24,975.26,977.61,978.115,971.6299,1128880,,,,,,,
GOOGL,2017-05-25,979,991.86,995.78,977.82,1951402,,,,,,,
GOOGL,2017-05-26,992,993.27,996.39,987.36,1622807,,,,,,,
GOOGL,2017-05-30,992.5,996.17,997.62,991.3601,1511472,,,,,,,
GOOGL,2017-05-31,996.21,987.09,999.6,981.68,1703990,,,,,,,
GOOGL,2017-06-01,990.96,988.29,993.14,981.29,1295552,,,,,,,
GOOGL,2017-06-02,988.59,996.12,996.48,987.07,1719720,,,,,,,
GOOGL,2017-06-05,997.89,1003.88,1007.4,995.45,1353264,,,,,,,
GOOGL,2017-06-06,1003.31,996.68,1008.61,994.8,1517356,,,,,,,
GOOGL,2017-06-07,998.82,1001.59,1003.91,995.81,1348198,,,,,,,
GOOGL,2017-06-08,1004.23,1004.28,1005.6,996.62,1657881,,,,,,,
GOOGL,2017-06-09,1005.49,970.12,1005.5,953.37,3613964,,,,,,,
GOOGL,2017-06-12,958.72,961.81,968,936.795,4167184,,,,,,,
GOOGL,2017-06-13,972.04,970.5,977.91,962.01,1992456,,,,,,,
GOOGL,2017-06-14,975.5,967.93,979.7,959.5103,1489046,,,,,,,
GOOGL,2017-06-15,948.02,960.18,960.6775,940.37,2349212,,,,,,,
GOOGL,2017-06-16,957.91,958.62,959.95,948.7,2484914,,,,,,,
GOOGL,2017-06-19,969.65,975.22,979.3,968.2,1449343,,,,,,,
GOOGL,2017-06-20,975.31,968.99,980.79,968.2,1273013,,,,,,,
GOOGL,2017-06-21,970.79,978.59,979.67,969.16,1141315,,,,,,,
GOOGL,2017-06-22,976.87,976.62,980.5,973.3148,940086,,,,,,,
GOOGL,2017-06-23,975.5,986.09,986.62,974.46,1439728,,,,,,,
GOOGL,2017-06-26,990,972.09,993.99,970.33,1505655,,,,,,,
GOOGL,2017-06-27,961.6,948.09,967.22,947.09,2428048,,,,,,,
GOOGL,2017-06-28,950.66,961.01,963.24,936.16,2713366,,,,,,,
GOOGL,2017-06-29,951.35,937.82,951.66,929.6,3182331,,,,,,,
GOOGL,2017-06-30,943.99,929.68,944.9995,929.61,2185444,,,,,,,
MSFT,2017-01-03,62.79,62.58,62.84,62.125,20694101,,,,,,,
MSFT,2017-01-04,62.48,62.3,62.75,62.12,21339969,,,,,,,
MSFT,2017-01-05,62.19,62.3,62.66,62.03,24875968,,,,,,,
MSFT,2017-01-06,62.3,62.84,63.15,62.04,19922919,,,,,,,
MSFT,2017-01-09,62.76,62.64,63.08,62.54,20382730,,,,,,,
MSFT,2017-01-10,62.73,62.62,63.07,62.28,18593004,,,,,,,
MSFT,2017-01-11,62.61,63.19,63.23,62.43,21517335,,,,,,,
MSFT,2017-01-12,63.06,62.61,63.4,61.95,20968223,,,,,,,
MSFT,2017-01-13,62.62,62.7,62.865,62.35,19422310,,,,,,,
MSFT,2017-01-17,62.68,62.53,62.7,62.03,20663983,,,,,,,
MSFT,2017-01-18,62.67,62.5,62.7,62.12,19670102,,,,,,,
MSFT,2017-01-19,62.24,62.3,62.98,62.195,18451655,,,,,,,
MSFT,2017-01-20,62.67,62.74,62.82,62.37,30213462,,,,,,,
MSFT,2017-01-23,62.7,62.96,63.1159,62.57,23097581,,,,,,,
MSFT,2017-01-24,63.2,63.52,63.735,62.94,24672940,,,,,,,
MSFT,2017-01-25,63.95,63.68,64.1,63.45,24654933,,,,,,,
MSFT,2017-01-26,64.12,64.27,64.535,63.55,43554645,,,,,,,
MSFT,2017-01-27,65.39,65.78,65.91,64.89,44817972,,,,,,,
MSFT,2017-01-30,65.69,65.13,65.79,64.8,31651445,,,,,,,
MSFT,2017-01-31,64.86,64.65,65.15,64.26,25270549,,,,,,,
MSFT,2017-02-01,64.355,63.58,64.62,63.47,39671528,,,,,,,
MSFT,2017-02-02,63.25,63.17,63.41,62.75,45827013,,,,,,,
MSFT,2017-02-03,63.5,63.68,63.7,63.07,30301759,,,,,,,
MSFT,2017-02-06,63.5,63.64,63.65,63.14,19796360,,,,,,,
MSFT,2017-02-07,63.74,63.43,63.78,63.23,20277226,,,,,,,
MSFT,2017-02-08,63.57,63.34,63.81,63.22,18096358,,,,,,,
MSFT,2017-02-09,63.52,64.06,64.435,63.32,22644443,,,,,,,
MSFT,2017-02-10,64.25,64,64.3,63.975,18170729,,,,,,,
MSFT,2017-02-13,64.24,64.72,64.86,64.13,22920101,,,,,,,
MSFT,2017-02-14,64.41,64.57,64.72,64.02,23108426,,,,,,,
MSFT,2017-02-15,64.5,64.53,64.57,64.155,17005157,,,,,,,
MSFT,2017-02-16,64.74,64.52,65.24,64.44,20546345,,,,,,,
MSFT,2017-02-17,64.47,64.62,64.69,64.3,21248818,,,,,,,
MSFT,2017-02-21,64.61,64.49,64.95,64.45,20655869,,,,,,,
MSFT,2017-02-22,64.33,64.36,64.39,64.05,19292651,,,,,,,
MSFT,2017-02-23,64.42,64.62,64.7285,64.195,20273128,,,,,,,
MSFT,2017-02-24,64.53,64.62,64.8,64.135,21796800,,,,,,,
MSFT,2017-02-27,64.54,64.23,64.54,64.045,15871507,,,,,,,
MSFT,2017-02-28,64.08,63.98,64.2,63.76,23239825,,,,,,,
MSFT,2017-03-01,64.13,64.94,64.99,64.0218,26937459,,,,,,,
MSFT,2017-03-02,64.69,64.01,64.75,63.88,24539597,,,,,,,
MSFT,2017-03-03,63.99,64.25,64.28,63.62,18139405,,,,,,,
MSFT,2017-03-06,63.97,64.27,64.56,63.81,18750255,,,,,,,
MSFT,2017-03-07,64.19,64.4,64.775,64.19,18520987,,,,,,,
MSFT,2017-03-08,64.26,64.99,65.085,64.25,21510907,,,,,,,
MSFT,2017-03-09,65.19,64.73,65.2,64.48,19846832,,,,,,,
MSFT,2017-03-10,65.11,64.93,65.26,64.75,19538245,,,,,,,
MSFT,2017-03-13,65.01,64.71,65.195,64.57,20100035,,,,,,,
MSFT,2017-03-14,64.53,64.41,64.55,64.15,14280202,,,,,,,
MSFT,2017-03-15,64.55,64.75,64.92,64.25,24833810,,,,,,,
MSFT,2017-03-16,64.75,64.64,64.76,64.3,20674296,,,,,,,
MSFT,2017-03-17,64.91,64.87,65.24,64.68,49219686,,,,,,,
MSFT,2017-03-20,64.91,64.93,65.175,64.72,14598083,,,,,,,
MSFT,2017-03-21,65.19,64.21,65.5,64.13,26640480,,,,,,,
MSFT,2017-03-22,64.12,65.03,65.14,64.12,20680015,,,,,,,
MSFT,2017-03-23,64.94,64.87,65.235,64.765,19269203,,,,,,,
MSFT,2017-03-24,65.36,64.98,65.45,64.76,22617105,,,,,,,
MSFT,2017-03-27,64.63,65.1,65.22,64.35,18614662,,,,,,,
MSFT,2017-03-28,64.96,65.29,65.47,64.65,20080358,,,,,,,
MSFT,2017-03-29,65.12,65.47,65.5,64.9475,13618424,,,,,,,
MSFT,2017-03-30,65.42,65.71,65.98,65.36,15122823,,,,,,,
MSFT,2017-03-31,65.65,65.86,66.19,65.45,21040331,,,,,,,
MSFT,2017-04-03,65.81,65.55,65.94,65.19,20400871,,,,,,,
MSFT,2017-04-04,65.39,65.73,65.81,65.28,12997449,,,,,,,
MSFT,2017-04-05,66.3,65.56,66.35,65.4443,21448594,,,,,,,
MSFT,2017-04-06,65.6,65.73,66.055,65.48,18103453,,,,,,,
MSFT,2017-04-07,65.85,65.68,65.96,65.44,14089274,,,,,,,
MSFT,2017-04-10,65.61,65.53,65.82,65.36,17952742,,,,,,,
MSFT,2017-04-11,65.6,65.48,65.61,64.85,18791533,,,,,,,
MSFT,2017-04-12,65.42,65.23,65.51,65.11,17108513,,,,,,,
MSFT,2017-04-13,65.29,64.95,65.86,64.95,17896483,,,,,,,
MSFT,2017-04-17,65.04,65.48,65.49,65.01,16689265,,,,,,,
MSFT,2017-04-18,65.33,65.39,65.71,65.16,15155611,,,,,,,
MSFT,2017-04-19,65.65,65.04,65.75,64.89,26992771,,,,,,,
MSFT,2017-04-20,65.46,65.5,65.75,65.14,22299477,,,,,,,
MSFT,2017-04-21,65.67,66.4,66.7,65.45,32522645,,,,,,,
MSFT,2017-04-24,67.48,67.53,67.66,67.1,29721254,,,,,,,
MSFT,2017-04-25,67.9,67.92,68.04,67.6,29983174,,,,,,,
MSFT,2017-04-26,68.08,67.83,68.31,67.62,25544417,,,,,,,
MSFT,2017-04-27,68.15,68.27,68.38,67.58,32219234,,,,,,,
MSFT,2017-04-28,68.91,68.46,69.14,67.69,38940853,,,,,,,
MSFT,2017-05-01,68.68,69.41,69.55,68.5,31304672,,,,,,,
MSFT,2017-05-02,69.71,69.3,69.71,69.13,23000828,,,,,,,
MSFT,2017-05-03,69.38,69.08,69.38,68.71,28725646,,,,,,,
MSFT,2017-05-04,69.03,68.81,69.08,68.64,21421413,,,,,,,
MSFT,2017-05-05,68.9,69,69.03,68.485,18882845,,,,,,,
MSFT,2017-05-08,68.97,68.94,69.05,68.42,18446053,,,,,,,
MSFT,2017-05-09,68.86,69.04,69.28,68.68,22318181,,,,,,,
MSFT,2017-05-10,68.99,69.31,69.56,68.92,17842038,,,,,,,
MSFT,2017-05-11,68.36,68.46,68.73,68.12,27985424,,,,,,,
MSFT,2017-05-12,68.61,68.38,68.61,68.04,17073013,,,,,,,
MSFT,2017-05-15,68.14,68.43,68.48,67.57,30705323,,,,,,,
MSFT,2017-05-16,68.23,69.41,69.44,68.16,33250702,,,,,,,
MSFT,2017-05-17,68.89,67.48,69.1,67.43,29964198,,,,,,,
MSFT,2017-05-18,67.4,67.71,68.13,67.14,24789790,,,,,,,
MSFT,2017-05-19,67.5,67.69,68.095,67.43,26496478,,,,,,,
MSFT,2017-05-22,67.89,68.45,68.5,67.5,15484530,,,,,,,
MSFT,2017-05-23,68.72,68.68,68.75,68.38,15347877,,,,,,,
MSFT,2017-05-24,68.87,68.77,68.88,68.45,14422965,,,,,,,
MSFT,2017-05-25,68.97,69.62,69.88,68.91,21702912,,,,,,,
MSFT,2017-05-26,69.8,69.97,70.22,69.52,19644260,,,,,,,
MSFT,2017-05-30,69.79,70.41,70.41,69.77,16901792,,,,,,,
MSFT,2017-05-31,70.53,69.84,70.74,69.81,29538356,,,,,,,
MSFT,2017-06-01,70.24,70.1,70.61,69.451,21066468,,,,,,,
MSFT,2017-06-02,70.44,71.76,71.86,70.24,34586054,,,,,,,
MSFT,2017-06-05,71.97,72.28,72.89,71.81,29507429,,,,,,,
MSFT,2017-06-06,72.3,72.52,72.62,72.27,31220057,,,,,,,
MSFT,2017-06-07,72.635,72.39,72.77,71.95,21895156,,,,,,,
MSFT,2017-06-08,72.51,71.945,72.52,71.5,23982410,,,,,,,
MSFT,2017-06-09,72.035,70.32,72.08,68.59,48619420,,,,,,,
MSFT,2017-06-12,69.25,69.78,69.94,68.13,47363986,,,,,,,
MSFT,2017-06-13,70.02,70.65,70.82,69.96,24815455,,,,,,,
MSFT,2017-06-14,70.91,70.27,71.1,69.43,25271276,,,,,,,
MSFT,2017-06-15,69.27,69.9,70.21,68.8,25701569,,,,,,,
MSFT,2017-06-16,69.73,70,70.0252,69.22,46911637,,,,,,,
MSFT,2017-06-19,70.5,70.87,70.945,70.35,23146852,,,,,,,
MSFT,2017-06-20,70.82,69.91,70.87,69.87,20775590,,,,,,,
MSFT,2017-06-21,70.21,70.27,70.62,69.94,19190623,,,,,,,
MSFT,2017-06-22,70.54,70.26,70.59,69.71,22222851,,,,,,,
MSFT,2017-06-23,70.09,71.21,71.25,69.92,23176418,,,,,,,
MSFT,2017-06-26,71.4,70.53,71.71,70.445,19308122,,,,,,,
MSFT,2017-06-27,70.11,69.21,70.18,69.18,24862560,,,,,,,
MSFT,2017-06-28,69.21,69.8,69.841,68.79,25226070,,,,,,,
MSFT,2017-06-29,69.38,68.49,69.49,68.09,28231562,,,,,,,
MSFT,2017-06-30,68.78,68.93,69.38,68.74,23039328,,,,,,,
